position_id,asset_class,counterparty,sector,region,rating,notional,market_value,duration,convexity,spread_bps,dv01,ticker,rwa
EQ_AAPL_001,Equity,AAPL Inc,Technology,US,AA,25000000.0,25000000.0,0.0,0.0,0.0,0.0,AAPL,25000000.0
CR_AAPL_001,Corporate Loan,AAPL Corp Credit,Technology,US,AA,30000000.0,30000000.0,4.5,22.0,95.0,13500.0,AAPL,15000000.0
EQ_MSFT_002,Equity,MSFT Inc,Technology,US,AA,25000000.0,25000000.0,0.0,0.0,0.0,0.0,MSFT,25000000.0
CR_MSFT_002,Corporate Bond,MSFT Corp Credit,Technology,US,AA,30000000.0,30000000.0,4.5,22.0,95.0,13500.0,MSFT,15000000.0
EQ_GOOGL_003,Equity,GOOGL Inc,Technology,US,A,25000000.0,25000000.0,0.0,0.0,0.0,0.0,GOOGL,25000000.0
CR_GOOGL_003,Corporate Loan,GOOGL Corp Credit,Technology,US,A,30000000.0,30000000.0,4.5,22.0,95.0,13500.0,GOOGL,15000000.0
EQ_AMZN_004,Equity,AMZN Inc,Technology,US,A,25000000.0,25000000.0,0.0,0.0,0.0,0.0,AMZN,25000000.0
CR_AMZN_004,Corporate Bond,AMZN Corp Credit,Technology,US,A,30000000.0,30000000.0,4.5,22.0,95.0,13500.0,AMZN,15000000.0
EQ_META_005,Equity,META Inc,Technology,US,A,25000000.0,25000000.0,0.0,0.0,0.0,0.0,META,25000000.0
CR_META_005,Corporate Loan,META Corp Credit,Technology,US,A,30000000.0,30000000.0,4.5,22.0,95.0,13500.0,META,15000000.0
EQ_NVDA_006,Equity,NVDA Inc,Technology,US,A,25000000.0,25000000.0,0.0,0.0,0.0,0.0,NVDA,25000000.0
CR_NVDA_006,Corporate Bond,NVDA Corp Credit,Technology,US,A,30000000.0,30000000.0,4.5,22.0,95.0,13500.0,NVDA,15000000.0
EQ_TSLA_007,Equity,TSLA Inc,Technology,US,A,25000000.0,25000000.0,0.0,0.0,0.0,0.0,TSLA,25000000.0
CR_TSLA_007,Corporate Loan,TSLA Corp Credit,Technology,US,A,30000000.0,30000000.0,4.5,22.0,95.0,13500.0,TSLA,15000000.0
EQ_JPM_008,Equity,JPM Inc,Financials,US,A,25000000.0,25000000.0,0.0,0.0,0.0,0.0,JPM,25000000.0
CR_JPM_008,Corporate Bond,JPM Corp Credit,Financials,US,A,30000000.0,30000000.0,4.5,22.0,95.0,13500.0,JPM,15000000.0
EQ_BAC_009,Equity,BAC Inc,Financials,US,A,25000000.0,25000000.0,0.0,0.0,0.0,0.0,BAC,25000000.0
CR_BAC_009,Corporate Loan,BAC Corp Credit,Financials,US,A,30000000.0,30000000.0,4.5,22.0,95.0,13500.0,BAC,15000000.0
EQ_GS_010,Equity,GS Inc,Financials,US,A,25000000.0,25000000.0,0.0,0.0,0.0,0.0,GS,25000000.0
CR_GS_010,Corporate Bond,GS Corp Credit,Financials,US,A,30000000.0,30000000.0,4.5,22.0,95.0,13500.0,GS,15000000.0
EQ_XOM_011,Equity,XOM Inc,Energy,US,A,25000000.0,25000000.0,0.0,0.0,0.0,0.0,XOM,25000000.0
CR_XOM_011,Corporate Loan,XOM Corp Credit,Energy,US,A,30000000.0,30000000.0,4.5,22.0,95.0,13500.0,XOM,15000000.0
EQ_CVX_012,Equity,CVX Inc,Energy,US,A,25000000.0,25000000.0,0.0,0.0,0.0,0.0,CVX,25000000.0
CR_CVX_012,Corporate Bond,CVX Corp Credit,Energy,US,A,30000000.0,30000000.0,4.5,22.0,95.0,13500.0,CVX,15000000.0
EQ_JNJ_013,Equity,JNJ Inc,Healthcare,US,AA,25000000.0,25000000.0,0.0,0.0,0.0,0.0,JNJ,25000000.0
CR_JNJ_013,Corporate Loan,JNJ Corp Credit,Healthcare,US,AA,30000000.0,30000000.0,4.5,22.0,95.0,13500.0,JNJ,15000000.0
EQ_PFE_014,Equity,PFE Inc,Healthcare,US,A,25000000.0,25000000.0,0.0,0.0,0.0,0.0,PFE,25000000.0
CR_PFE_014,Corporate Bond,PFE Corp Credit,Healthcare,US,A,30000000.0,30000000.0,4.5,22.0,95.0,13500.0,PFE,15000000.0
EQ_WMT_015,Equity,WMT Inc,Consumer,US,A,25000000.0,25000000.0,0.0,0.0,0.0,0.0,WMT,25000000.0
CR_WMT_015,Corporate Loan,WMT Corp Credit,Consumer,US,A,30000000.0,30000000.0,4.5,22.0,95.0,13500.0,WMT,15000000.0
EX_001,Government Bond,US Treasury 10Y,Sovereign,US,AAA,50000000.0,50000000.0,7.8,68.0,0.0,39000.0,TLT,0.0
EX_002,Government Bond,US Treasury 5Y,Sovereign,US,AAA,60000000.0,60000000.0,4.2,21.0,0.0,25200.0,TLT,0.0
EX_003,Government Bond,German Bund 10Y,Sovereign,Europe,AAA,40000000.0,40000000.0,8.1,72.0,0.0,32400.0,TLT,0.0
EX_004,Government Bond,UK Gilt 10Y,Sovereign,Europe,AA,35000000.0,35000000.0,7.5,65.0,0.0,26250.0,TLT,0.0
EX_005,Interest Rate Swap,IRS USD 10Y Payer,Financials,US,AA,100000000.0,100000000.0,0.0,0.0,0.0,75000.0,SPY,10000000.0
EX_006,Interest Rate Swap,IRS USD 5Y Receiver,Financials,US,AA,80000000.0,80000000.0,0.0,0.0,0.0,-38000.0,SPY,8000000.0
EX_007,Interest Rate Swap,IRS EUR 10Y Payer,Financials,Europe,AA,60000000.0,60000000.0,0.0,0.0,0.0,45000.0,SPY,6000000.0
EX_008,FX Forward,USD/EUR Forward 6M,Financials,Global,AA,45000000.0,45000000.0,0.5,0.0,0.0,0.0,UUP,4500000.0
EX_009,FX Forward,USD/JPY Forward 3M,Financials,Global,AA,50000000.0,50000000.0,0.25,0.0,0.0,0.0,UUP,5000000.0
EX_010,FX Forward,USD/GBP Forward 1Y,Financials,Global,AA,30000000.0,30000000.0,1.0,0.0,0.0,0.0,UUP,3000000.0
EX_011,Credit Default Swap,CDS CDX NA IG 5Y,Financials,US,A,80000000.0,80000000.0,4.8,0.0,75.0,38400.0,HYG,12000000.0
EX_012,Credit Default Swap,CDS iTraxx Europe 5Y,Financials,Europe,A,70000000.0,70000000.0,4.7,0.0,68.0,32900.0,HYG,10500000.0
EX_013,Credit Default Swap,CDS Sovereign EM Basket,Financials,Global,BBB,40000000.0,40000000.0,4.4,0.0,185.0,17600.0,HYG,8000000.0
EX_014,Corporate Loan,Regional Bank Term Facility,Financials,US,BBB,35000000.0,35000000.0,3.2,12.0,170.0,11200.0,JPM,26250000.0
EX_015,Corporate Loan,Midstream Energy Pipeline,Energy,US,BBB,40000000.0,40000000.0,4.0,18.0,150.0,16000.0,XOM,30000000.0
EX_016,Corporate Loan,Semiconductor Foundry Capex,Technology,Asia-Pacific,A,50000000.0,50000000.0,3.8,16.0,110.0,19000.0,NVDA,25000000.0
EX_017,Corporate Bond,Aerospace Defense 2032,Industrials,US,A,25000000.0,25000000.0,6.2,45.0,125.0,15500.0,SPY,12500000.0
EX_018,Corporate Bond,Automotive EV Transition 2030,Consumer,US,BBB,28000000.0,28000000.0,5.1,31.0,190.0,14280.0,TSLA,21000000.0
EX_019,Corporate Bond,European Utility Green Bond,Utilities,Europe,A,32000000.0,32000000.0,5.8,40.0,105.0,18560.0,SPY,16000000.0
EX_020,Corporate Loan,Global Pharma Syndicate,Healthcare,US,AA,45000000.0,45000000.0,3.5,14.0,80.0,15750.0,PFE,22500000.0
